{
  "total_questions": 130,
  "best_at_k": {
    "best@1": {
      "correct": 55,
      "total": 130,
      "accuracy": 0.4230769230769231
    },
    "best@2": {
      "correct": 66,
      "total": 130,
      "accuracy": 0.5076923076923077
    },
    "best@3": {
      "correct": 72,
      "total": 130,
      "accuracy": 0.5538461538461539
    }
  },
  "by_file": {
    "iter1.jsonl": {
      "total": 130,
      "correct": 55,
      "accuracy": 0.4230769230769231
    },
    "iter2.jsonl": {
      "total": 130,
      "correct": 48,
      "accuracy": 0.36923076923076925
    },
    "iter3.jsonl": {
      "total": 130,
      "correct": 47,
      "accuracy": 0.36153846153846153
    }
  }
}